{
  "js/scripts.js": 1776789901.3667345,
  "assets/single neuron/animations.jsx": 1776786223.6325371,
  "assets/single neuron/scenes.jsx": 1776786223.6338918,
  "assets/ann animation/network_scene.jsx": 1776786223.5923939,
  "assets/ann animation/animations.jsx": 1776786223.5887277,
  "assets/ann animation/scenes.jsx": 1776786223.5926535,
  "index.html": 1776789901.3664303,
  "assets/robot-football.html": 1776786223.6316135,
  "assets/training-combined.html": 1776786223.6342494,
  "assets/cpu_vs_gpu.html": 1776786223.626846,
  "assets/ann_network.html": 1776786223.5933177,
  "assets/single neuron/index.html": 1776786223.6337264,
  "assets/ann animation/One Neuron - Standalone.html": 1776786223.588347,
  "assets/ann animation/index.html": 1776786223.5909455
}