{
  "js/scripts.js": 1777095976.100529,
  "index.html": 1777095976.1002047,
  "assets/robot-football.html": 1776879284.1913497,
  "assets/ai_mesh.html": 1777097646.9653218,
  "assets/ann_network.html": 1776879284.1903367,
  "assets/ann animation/index.html": 1776948207.970668,
  "assets/shannon.png": 1776348311.2174823,
  "assets/ambulance.png": 1776348311.1871445,
  "assets/suv.png": 1776348311.2177157,
  "assets/mccarthy.png": 1776348311.215953,
  "assets/motorcycle.png": 1776348311.2161605,
  "assets/solomonoff.png": 1776348311.2175794,
  "assets/car.png": 1776348311.2146862,
  "assets/bicycle.png": 1776348311.1876714,
  "assets/hinton.jpg": 1776348311.2158184,
  "assets/brain_network.png": 1776348311.2141635,
  "assets/bus.png": 1776348311.2144766,
  "assets/truck.png": 1776348311.2179286,
  "assets/scooter.png": 1776348311.2173653,
  "assets/darthmouth.png": 1776348311.2152934,
  "assets/minsky.png": 1776348311.2160614
}